protein_name,short_name,gene_symbol,gene_ID,accession,pfam_ID,identifier,method,resolution,chain,sequence_length,positions,position_length,downloaded
Galectin-9,Gal-9,LGALS9,ENST00000302228.9,O00182,PF00337,AF-O00182-F1,Predicted,,,355,,,yes
Galectin-9,Gal-9,LGALS9,ENST00000302228.9,O00182,PF00337,2ZHN,X-ray,1.3 Å,A,355,1-355,355.0,yes
Galectin-9,Gal-9,LGALS9,ENST00000302228.9,O00182,PF00337,3WLU,X-ray,1.4 Å,A/B/C/D,355,1-355,355.0,yes
Myosin regulatory light chain 12B,,MYL12B,ENST00000237500.10,O14950,"PF08976, PF13499",AF-O14950-F1,Predicted,,,172,,,yes
Myosin regulatory light chain 12B,,MYL12B,ENST00000237500.10,O14950,"PF08976, PF13499",rcsb,,,,172,,0.0,no
Cystatin-A,,CSTA,ENST00000264474.4,P01040,PF00031,AF-P01040-F1,Predicted,,,98,,,yes
Cystatin-A,,CSTA,ENST00000264474.4,P01040,PF00031,3KSE,X-ray,1.71 Å,A/B/C/D/E/F,98,1-98,98.0,yes
Cystatin-A,,CSTA,ENST00000264474.4,P01040,PF00031,3KFQ,X-ray,1.99 Å,A/B/C/D,98,1-98,98.0,yes
Prelamin-A/C,,LMNA,ENST00000361308.9,P02545,"PF00038, PF00932",AF-P02545-F1,Predicted,,,664,,,yes
Prelamin-A/C,,LMNA,ENST00000361308.9,P02545,"PF00038, PF00932",7WZZ,X-ray,1.305 Å,A/B/C,664,1-664,664.0,yes
Prelamin-A/C,,LMNA,ENST00000361308.9,P02545,"PF00038, PF00932",7X1B,X-ray,1.399 Å,A/B/C,664,1-664,664.0,yes
Glyceraldehyde-3-phosphate dehydrogenase,GAPDH,GAPDH,ENST00000229239.10,P04406,"PF02800, PF00044",AF-P04406-F1,Predicted,,,335,,,yes
Glyceraldehyde-3-phosphate dehydrogenase,GAPDH,GAPDH,ENST00000229239.10,P04406,"PF02800, PF00044",6YND,X-ray,1.525 Å,A/B/C/D/E/F/G/H,335,1-335,335.0,yes
Glyceraldehyde-3-phosphate dehydrogenase,GAPDH,GAPDH,ENST00000229239.10,P04406,"PF02800, PF00044",1U8F,X-ray,1.75 Å,O/P/Q/R,335,1-335,335.0,yes
Dolichyl-diphosphooligosaccharide--protein glycosyltransferase subunit 2,,RPN2,ENST00000237530.11,P04844,PF05817,AF-P04844-F1,Predicted,,,631,,,yes
Dolichyl-diphosphooligosaccharide--protein glycosyltransferase subunit 2,,RPN2,ENST00000237530.11,P04844,PF05817,6S7O,EM,3.5 Å,A/B/C/D/E/F/G/H,631,1-631,631.0,yes
Dolichyl-diphosphooligosaccharide--protein glycosyltransferase subunit 2,,RPN2,ENST00000237530.11,P04844,PF05817,6S7T,EM,3.5 Å,A/B/C/D/E/F/G/H/I/K,631,1-631,631.0,yes
Guanine nucleotide-binding protein G(i) subunit alpha-2,,GNAI2,ENST00000266027.9,P04899,PF00503,AF-P04899-F1,Predicted,,,355,,,yes
Guanine nucleotide-binding protein G(i) subunit alpha-2,,GNAI2,ENST00000266027.9,P04899,PF00503,8THK,EM,2.6 Å,A/B/G/F/R,355,1-355,355.0,yes
Guanine nucleotide-binding protein G(i) subunit alpha-2,,GNAI2,ENST00000266027.9,P04899,PF00503,7YK7,EM,2.75 Å,G/I/R/S/T,355,1-355,355.0,yes
"Keratin, type I cytoskeletal 18",,KRT18,ENST00000388835.4,P05783,PF00038,AF-P05783-F1,Predicted,,,430,,,yes
"Keratin, type I cytoskeletal 18",,KRT18,ENST00000388835.4,P05783,PF00038,rcsb,,,,430,,0.0,no
Alpha-enolase,,ENO1,ENST00000234590.10,P06733,"PF00113, PF03952",AF-P06733-F1,Predicted,,,434,,,yes
Alpha-enolase,,ENO1,ENST00000234590.10,P06733,"PF00113, PF03952",5NI9,X-ray,1.33 Å,A/B/C,434,1-434,434.0,yes
Alpha-enolase,,ENO1,ENST00000234590.10,P06733,"PF00113, PF03952",5NIG,X-ray,1.35 Å,A/B/C,434,1-434,434.0,yes
Nucleophosmin,NPM,NPM1,ENST00000296930.10,P06748,"PF16276, PF03066",AF-P06748-F1,Predicted,,,294,,,yes
Nucleophosmin,NPM,NPM1,ENST00000296930.10,P06748,"PF16276, PF03066",7OBG,X-ray,1.8 Å,A/B,294,1-294,294.0,yes
Nucleophosmin,NPM,NPM1,ENST00000296930.10,P06748,"PF16276, PF03066",7OBH,X-ray,2.0 Å,A/B,294,1-294,294.0,yes
Annexin A2,,ANXA2,ENST00000332680.8,P07355,PF00191,AF-P07355-F1,Predicted,,,339,,,yes
Annexin A2,,ANXA2,ENST00000332680.8,P07355,PF00191,2HYV,X-ray,1.42 Å,A,339,1-339,339.0,yes
Annexin A2,,ANXA2,ENST00000332680.8,P07355,PF00191,1W7B,X-ray,1.52 Å,A,339,1-339,339.0,yes
Heat shock protein HSP 90-alpha,,HSP90AA1,ENST00000216281.13,P07900,"PF13589, PF00183",AF-P07900-F1,Predicted,,,732,,,yes
Heat shock protein HSP 90-alpha,,HSP90AA1,ENST00000216281.13,P07900,"PF13589, PF00183",6TN5,X-ray,1.165 Å,AAA,732,1-732,732.0,no
Heat shock protein HSP 90-alpha,,HSP90AA1,ENST00000216281.13,P07900,"PF13589, PF00183",5J80,X-ray,1.17 Å,A,732,1-732,732.0,yes
Heat shock protein HSP 90-beta,HSP 90,HSP90AB1,ENST00000353801.7,P08238,"PF13589, PF00183",AF-P08238-F1,Predicted,,,724,,,yes
Heat shock protein HSP 90-beta,HSP 90,HSP90AB1,ENST00000353801.7,P08238,"PF13589, PF00183",6N8Y,X-ray,1.55390799533 Å,A,724,1-724,724.0,yes
Heat shock protein HSP 90-beta,HSP 90,HSP90AB1,ENST00000353801.7,P08238,"PF13589, PF00183",5UCJ,X-ray,1.693 Å,A/B/C/D,724,1-724,724.0,yes
Vimentin,,VIM,ENST00000224237.9,P08670,"PF00038, PF04732",AF-P08670-F1,Predicted,,,466,,,yes
Vimentin,,VIM,ENST00000224237.9,P08670,"PF00038, PF04732",1GK7,X-ray,1.4 Å,A,466,1-466,466.0,yes
Vimentin,,VIM,ENST00000224237.9,P08670,"PF00038, PF04732",4YPC,X-ray,1.44 Å,A,466,1-466,466.0,yes
Microsomal glutathione S-transferase 1,Microsomal GST-1,MGST1,ENST00000010404.6,P10620,PF01124,AF-P10620-F1,Predicted,,,155,,,yes
Microsomal glutathione S-transferase 1,Microsomal GST-1,MGST1,ENST00000010404.6,P10620,PF01124,rcsb,,,,155,,0.0,no
Endoplasmic reticulum chaperone BiP,,HSPA5,ENST00000324460.7,P11021,PF00012,AF-P11021-F1,Predicted,,,654,,,yes
Endoplasmic reticulum chaperone BiP,,HSPA5,ENST00000324460.7,P11021,PF00012,5YP8,X-ray,1.448 Å,A/B,654,1-654,654.0,yes
Endoplasmic reticulum chaperone BiP,,HSPA5,ENST00000324460.7,P11021,PF00012,5F0X,X-ray,1.6 Å,A/B,654,1-654,654.0,yes
Heat shock cognate 71 kDa protein,,HSPA8,ENST00000227378.7,P11142,PF00012,AF-P11142-F1,Predicted,,,646,,,yes
Heat shock cognate 71 kDa protein,,HSPA8,ENST00000227378.7,P11142,PF00012,5AQM,X-ray,1.63 Å,A/C/B/D,646,1-646,646.0,yes
Heat shock cognate 71 kDa protein,,HSPA8,ENST00000227378.7,P11142,PF00012,4H5R,X-ray,1.64 Å,A/B,646,1-646,646.0,yes
"Cytochrome c oxidase subunit 4 isoform 1, mitochondrial",,COX4I1,ENST00000253452.8,P13073,PF02936,AF-P13073-F1,Predicted,,,169,,,yes
"Cytochrome c oxidase subunit 4 isoform 1, mitochondrial",,COX4I1,ENST00000253452.8,P13073,PF02936,5Z62,EM,3.6 Å,A/B/C/D/E/F/G/H/I/J/K/L/M/N,169,1-169,169.0,yes
Endoplasmin,,HSP90B1,ENST00000299767.10,P14625,"PF13589, PF00183",AF-P14625-F1,Predicted,,,803,,,yes
Endoplasmin,,HSP90B1,ENST00000299767.10,P14625,"PF13589, PF00183",7ULL,X-ray,2.31 Å,A/B,803,1-803,803.0,yes
Endoplasmin,,HSP90B1,ENST00000299767.10,P14625,"PF13589, PF00183",4NH9,X-ray,2.77 Å,A,803,1-803,803.0,yes
Matrix metalloproteinase-9,MMP-9,MMP9,ENST00000372330.3,P14780,"PF00040, PF00045, PF00413",AF-P14780-F1,Predicted,,,707,,,yes
Matrix metalloproteinase-9,MMP-9,MMP9,ENST00000372330.3,P14780,"PF00040, PF00045, PF00413",6ESM,X-ray,1.104 Å,A,707,1-707,707.0,yes
Matrix metalloproteinase-9,MMP-9,MMP9,ENST00000372330.3,P14780,"PF00040, PF00045, PF00413",4XCT,X-ray,1.3 Å,A,707,1-707,707.0,yes
Ras-related C3 botulinum toxin substrate 2,,RAC2,ENST00000249071.11,P15153,PF00071,AF-P15153-F1,Predicted,,,192,,,yes
Ras-related C3 botulinum toxin substrate 2,,RAC2,ENST00000249071.11,P15153,PF00071,2W2T,X-ray,1.95 Å,A,192,1-192,192.0,yes
Ras-related C3 botulinum toxin substrate 2,,RAC2,ENST00000249071.11,P15153,PF00071,2W2V,X-ray,2.0 Å,A/B/C/D,192,1-192,192.0,yes
Histone H1.5,,H1-5,ENST00000331442.5,P16401,PF00538,AF-P16401-F1,Predicted,,,226,,,yes
Histone H1.5,,H1-5,ENST00000331442.5,P16401,PF00538,2RHI,X-ray,1.66 Å,A/B,226,1-226,226.0,yes
Histone H1.3,,H1-3,ENST00000244534.7,P16402,PF00538,AF-P16402-F1,Predicted,,,221,,,yes
Histone H1.3,,H1-3,ENST00000244534.7,P16402,PF00538,7XX5,X-ray,3.19 Å,A/E/K/O/B/F/L/P/C/G/M/Q/D/H/N/R/I/S/J/T/U,221,1-221,221.0,yes
"V-type proton ATPase subunit B, brain isoform",V-ATPase subunit B 2,ATP6V1B2,ENST00000276390.7,P21281,"PF00006, PF02874, PF22919",AF-P21281-F1,Predicted,,,511,,,yes
"V-type proton ATPase subunit B, brain isoform",V-ATPase subunit B 2,ATP6V1B2,ENST00000276390.7,P21281,"PF00006, PF02874, PF22919",6WLZ,EM,2.9 Å,A/B/C/D/E/F/X/Y/Z/H/I/J/K/L/M/G/N,511,1-511,511.0,yes
"V-type proton ATPase subunit B, brain isoform",V-ATPase subunit B 2,ATP6V1B2,ENST00000276390.7,P21281,"PF00006, PF02874, PF22919",6WM2,EM,3.1 Å,H/I/J/K/L/M/O/P/R/A/B/C/D/E/F/X/Y/Z/G/N/0/1/2/3/4/5/6/7/8/9/Q/S/T/U/V,511,1-511,511.0,yes
Cysteine and glycine-rich protein 1,,CSRP1,ENST00000340006.7,P21291,PF00412,AF-P21291-F1,Predicted,,,193,,,yes
Cysteine and glycine-rich protein 1,,CSRP1,ENST00000340006.7,P21291,PF00412,rcsb,,,,193,,0.0,no
Filamin-A,FLN-A,FLNA,ENST00000360319.9,P21333,"PF00307, PF00630",AF-P21333-F1,Predicted,,,2647,,,yes
Filamin-A,FLN-A,FLNA,ENST00000360319.9,P21333,"PF00307, PF00630",3CNK,X-ray,1.65 Å,A/B,2647,1-2647,2647.0,yes
Filamin-A,FLN-A,FLNA,ENST00000360319.9,P21333,"PF00307, PF00630",4M9P,X-ray,1.72 Å,A,2647,1-2647,2647.0,yes
Myristoylated alanine-rich C-kinase substrate,MARCKS,MARCKS,ENST00000612661.2,P29966,PF02063,AF-P29966-F1,Predicted,,,332,,,yes
Myristoylated alanine-rich C-kinase substrate,MARCKS,MARCKS,ENST00000612661.2,P29966,PF02063,1IWQ,X-ray,2.0 Å,A/B,332,1-332,332.0,yes
Heterogeneous nuclear ribonucleoprotein H,hnRNP H,HNRNPH1,ENST00000356731.9,P31943,"PF00076, PF08080",AF-P31943-F1,Predicted,,,449,,,yes
Heterogeneous nuclear ribonucleoprotein H,hnRNP H,HNRNPH1,ENST00000356731.9,P31943,"PF00076, PF08080",7ZUG,X-ray,1.075 Å,AAA,449,1-449,449.0,no
Heterogeneous nuclear ribonucleoprotein H,hnRNP H,HNRNPH1,ENST00000356731.9,P31943,"PF00076, PF08080",6DHS,X-ray,3.5 Å,A/B/C/D,449,1-449,449.0,yes
Prohibitin 1,,PHB1,ENST00000300408.8,P35232,PF01145,AF-P35232-F1,Predicted,,,272,,,yes
Prohibitin 1,,PHB1,ENST00000300408.8,P35232,PF01145,8RRH,EM,16.3 Å,A/C/E/G/I/K/B/D/F/H/J,272,1-272,272.0,yes
Myosin-9,,MYH9,ENST00000216181.11,P35579,"PF00063, PF02736, PF01576",AF-P35579-F1,Predicted,,,1960,,,yes
Myosin-9,,MYH9,ENST00000216181.11,P35579,"PF00063, PF02736, PF01576",4CFQ,X-ray,1.37 Å,A/B/C/D/Q/R,1960,1-1960,1960.0,yes
Myosin-9,,MYH9,ENST00000216181.11,P35579,"PF00063, PF02736, PF01576",4CFR,X-ray,1.4 Å,A/B/Q,1960,1-1960,1960.0,yes
"Stress-70 protein, mitochondrial",,HSPA9,ENST00000297185.9,P38646,PF00012,AF-P38646-F1,Predicted,,,679,,,yes
"Stress-70 protein, mitochondrial",,HSPA9,ENST00000297185.9,P38646,PF00012,6P2U,X-ray,2.0 Å,A,679,1-679,679.0,yes
"Stress-70 protein, mitochondrial",,HSPA9,ENST00000297185.9,P38646,PF00012,6PMT,X-ray,2.3 Å,A,679,1-679,679.0,yes
"Trifunctional enzyme subunit alpha, mitochondrial",,HADHA,ENST00000380649.8,P40939,"PF00725, PF02737, PF00378",AF-P40939-F1,Predicted,,,763,,,yes
"Trifunctional enzyme subunit alpha, mitochondrial",,HADHA,ENST00000380649.8,P40939,"PF00725, PF02737, PF00378",6DV2,X-ray,3.6 Å,A/B/C/D/E/F/G/H/I/J/K/L,763,1-763,763.0,yes
"Trifunctional enzyme subunit alpha, mitochondrial",,HADHA,ENST00000380649.8,P40939,"PF00725, PF02737, PF00378",5ZQZ,EM,4.2 Å,A/C/B/D,763,1-763,763.0,yes
"Lamina-associated polypeptide 2, isoforms beta/gamma",,TMPO,ENST00000261210.9,P42167,"PF03020, PF08198",AF-P42167-F1,Predicted,,,454,,,yes
"Lamina-associated polypeptide 2, isoforms beta/gamma",,TMPO,ENST00000261210.9,P42167,"PF03020, PF08198",rcsb,,,,454,,0.0,no
B-cell receptor-associated protein 31,BCR-associated protein 31,BCAP31,ENST00000345046.12,P51572,"PF05529, PF18035",AF-P51572-F1,Predicted,,,246,,,yes
B-cell receptor-associated protein 31,BCR-associated protein 31,BCAP31,ENST00000345046.12,P51572,"PF05529, PF18035",4JZP,X-ray,2.1 Å,A/B,246,1-246,246.0,yes
B-cell receptor-associated protein 31,BCR-associated protein 31,BCAP31,ENST00000345046.12,P51572,"PF05529, PF18035",4JZL,X-ray,2.2 Å,A/B/C/D,246,1-246,246.0,yes
Peroxisomal multifunctional enzyme type 2,MFE-2,HSD17B4,ENST00000414835.7,P51659,"PF00106, PF01575, PF22622, PF02036",AF-P51659-F1,Predicted,,,736,,,yes
Peroxisomal multifunctional enzyme type 2,MFE-2,HSD17B4,ENST00000414835.7,P51659,"PF00106, PF01575, PF22622, PF02036",8AF3,X-ray,1.52 Å,A,736,1-736,736.0,yes
Peroxisomal multifunctional enzyme type 2,MFE-2,HSD17B4,ENST00000414835.7,P51659,"PF00106, PF01575, PF22622, PF02036",1IKT,X-ray,1.75 Å,A,736,1-736,736.0,yes
F-actin-capping protein subunit alpha-1,,CAPZA1,ENST00000263168.4,P52907,PF01267,AF-P52907-F1,Predicted,,,286,,,yes
F-actin-capping protein subunit alpha-1,,CAPZA1,ENST00000263168.4,P52907,PF01267,8F8Q,EM,2.79 Å,A/B/C/D/E/F/G/H,286,1-286,286.0,yes
F-actin-capping protein subunit alpha-1,,CAPZA1,ENST00000263168.4,P52907,PF01267,7T5Q,EM,3.4 Å,A/B/C/D/E/F/G/H/I/J,286,1-286,286.0,yes
Heat shock-related 70 kDa protein 2,Heat shock 70 kDa protein 2,HSPA2,ENST00000247207.7,P54652,PF00012,AF-P54652-F1,Predicted,,,639,,,yes
Heat shock-related 70 kDa protein 2,Heat shock 70 kDa protein 2,HSPA2,ENST00000247207.7,P54652,PF00012,3I33,X-ray,1.3 Å,A,639,1-639,639.0,yes
Heat shock-related 70 kDa protein 2,Heat shock 70 kDa protein 2,HSPA2,ENST00000247207.7,P54652,PF00012,4FSV,X-ray,1.8 Å,A,639,1-639,639.0,yes
Protein SEC13 homolog,,SEC13,ENST00000337354.8,P55735,PF00400,AF-P55735-F1,Predicted,,,322,,,yes
Protein SEC13 homolog,,SEC13,ENST00000337354.8,P55735,PF00400,7R5K,EM,12.0 Å,00/01/02/03/04/10/11/12/13/14/15/16/17/40/41/A0/A1/A2/A3/A4/A5/A6/B0/B1/C0/C1/C2/C3/C4/D0/D1/D2/D3/D4/D5/E0/E1/F0/F1/F2/F3/H0/H1/H2/H3/I0/I1/I2/I3/J0/J1/J2/J3/J4/K0/K1/K2/K3/L0/L1/L2/L3/M0/M1/M2/M3/N0/N1/N2/N3/O0/O1/O2/O3/P0/P1/P2/P3/Q0/Q1/Q2/Q3/R0/R1/R2/R3/S0/S1/S2/S3/T0/T1/U0/U1/U2/U3/U4/U5/U6/V0/W0,322,1-322,322.0,no
Protein SEC13 homolog,,SEC13,ENST00000337354.8,P55735,PF00400,5A9Q,EM,23.0 Å,0/9/I/R/1/J/S/a/2/K/T/b/3/C/L/U/4/D/M/V/5/E/N/W/6/F/O/X/7/G/P/Y/8/H/Q/Z/A/B,322,1-322,322.0,yes
Actin-related protein 2/3 complex subunit 4,,ARPC4,ENST00000397261.8,P59998,PF05856,AF-P59998-F1,Predicted,,,168,,,yes
Actin-related protein 2/3 complex subunit 4,,ARPC4,ENST00000397261.8,P59998,PF05856,8P94,EM,3.3 Å,A/B/C/D/E/F/G/H/J/K/N/O/P/Q/R/S/W/I/U/V/a/b/c/d/h/i/j/k/l/m,168,1-168,168.0,no
Actin-related protein 2/3 complex subunit 4,,ARPC4,ENST00000397261.8,P59998,PF05856,6UHC,EM,3.9 Å,A/B/C/D/E/F/G/H/I,168,1-168,168.0,yes
"Actin, cytoplasmic 1",,ACTB,ENST00000493945.6,P60709,PF00022,AF-P60709-F1,Predicted,,,375,,,yes
"Actin, cytoplasmic 1",,ACTB,ENST00000493945.6,P60709,PF00022,6MBK,X-ray,1.69 Å,Y/Z/A/B,375,1-375,375.0,yes
"Actin, cytoplasmic 1",,ACTB,ENST00000493945.6,P60709,PF00022,6OX0,X-ray,1.755 Å,Y/Z/A/B,375,1-375,375.0,yes
Proteasome subunit alpha type-6,,PSMA6,ENST00000261479.9,P60900,"PF00227, PF10584",AF-P60900-F1,Predicted,,,246,,,yes
Proteasome subunit alpha type-6,,PSMA6,ENST00000261479.9,P60900,"PF00227, PF10584",5LE5,X-ray,1.8 Å,A/O/B/P/C/Q/D/R/E/S/F/T/G/U/H/V/I/W/J/X/K/Y/L/Z/M/a/N/b,246,1-246,246.0,yes
Proteasome subunit alpha type-6,,PSMA6,ENST00000261479.9,P60900,"PF00227, PF10584",5LEY,X-ray,1.9 Å,A/O/B/P/C/Q/D/R/E/S/F/T/G/U/H/V/I/W/J/X/K/Y/L/Z/M/a/N/b/c/d,246,1-246,246.0,yes
14-3-3 protein epsilon,14-3-3E,Ywhae; YWHAE,ENST00000264335.13,P62258,PF00244,AF-P62258-F1,Predicted,,,255,,,yes
14-3-3 protein epsilon,14-3-3E,Ywhae; YWHAE,ENST00000264335.13,P62258,PF00244,2BR9,X-ray,1.75 Å,A/P,255,1-255,255.0,yes
14-3-3 protein epsilon,14-3-3E,Ywhae; YWHAE,ENST00000264335.13,P62258,PF00244,3UAL,X-ray,1.8 Å,A/P,255,1-255,255.0,yes
Small nuclear ribonucleoprotein Sm D3,Sm-D3,SNRPD3,ENST00000215829.8,P62318,PF01423,AF-P62318-F1,Predicted,,,126,,,yes
Small nuclear ribonucleoprotein Sm D3,Sm-D3,SNRPD3,ENST00000215829.8,P62318,PF01423,3VRI,X-ray,1.6 Å,A/B/C,126,1-126,126.0,yes
Small nuclear ribonucleoprotein Sm D3,Sm-D3,SNRPD3,ENST00000215829.8,P62318,PF01423,1D3B,X-ray,2.0 Å,A/C/E/G/I/K/B/D/F/H/J/L,126,1-126,126.0,yes
Histone H4,,H4C1; H4C11; H4C12; H4C13; H4C14; H4C15; H4C16; H4C2; H4C3; H4C4; H4C5; H4C6; H4C8; H4C9,ENST00000244537.6,P62805,PF15511,AF-P62805-F1,Predicted,,,103,,,yes
Histone H4,,H4C1; H4C11; H4C12; H4C13; H4C14; H4C15; H4C16; H4C2; H4C3; H4C4; H4C5; H4C6; H4C8; H4C9,ENST00000244537.6,P62805,PF15511,3F9X,X-ray,1.25 Å,A/B/C/D/E/F/G/H,103,1-103,103.0,yes
Histone H4,,H4C1; H4C11; H4C12; H4C13; H4C14; H4C15; H4C16; H4C2; H4C3; H4C4; H4C5; H4C6; H4C8; H4C9,ENST00000244537.6,P62805,PF15511,8PEF,X-ray,1.28 Å,A/B,103,1-103,103.0,yes
Ubiquitin-ribosomal protein eL40 fusion protein,,UBA52,ENST00000430157.6,P62987,"PF01020, PF00240",AF-P62987-F1,Predicted,,,128,,,yes
Ubiquitin-ribosomal protein eL40 fusion protein,,UBA52,ENST00000430157.6,P62987,"PF01020, PF00240",5GOD,X-ray,1.15 Å,A/B/C/D,128,1-128,128.0,yes
Ubiquitin-ribosomal protein eL40 fusion protein,,UBA52,ENST00000430157.6,P62987,"PF01020, PF00240",5GOB,X-ray,1.153 Å,A/B,128,1-128,128.0,yes
Elongation factor 1-alpha 1,EF-1-alpha-1,EEF1A1,ENST00000309268.11,P68104,"PF22594, PF00009, PF03144",AF-P68104-F1,Predicted,,,462,,,yes
Elongation factor 1-alpha 1,EF-1-alpha-1,EEF1A1,ENST00000309268.11,P68104,"PF22594, PF00009, PF03144",8G60,EM,2.54 Å,S2/L8/L5/L7/SB/SA/SD/SJ/SE/SC/SG/SF/SH/SW/SI/SQ/SU/SK/SO/SX/SM/SS/Sd/SN/SL/SR/SP/ST/SV/SY/SZ/Sa/Sb/Sc/Se/Sf/Sg/Lz/LA/LB/LC/LJ/LH/LE/LG/Lq/LK/LO/LL/LV/LM/La/LN/LI/LD/LQ/LR/LS/LT/LP/LU/LX/LY/LW/LZ/Lr/Lh/Lb/LF/Lc/Ld/Le/Lf/Lg/Li/Lj/Lk/Ll/Lm/Ln/Lo/Lp/mR/At/Pt/EF,462,1-462,462.0,no
Elongation factor 1-alpha 1,EF-1-alpha-1,EEF1A1,ENST00000309268.11,P68104,"PF22594, PF00009, PF03144",8G6J,EM,2.8 Å,S2/L8/L5/L7/SB/SA/SD/SJ/SE/SC/SG/SF/SH/SW/SI/SQ/SU/SK/SO/SX/SM/SS/Sd/SN/SL/SR/SP/ST/SV/SY/SZ/Sa/Sb/Sc/Se/Sf/Sg/Lz/LA/LB/LC/LJ/LH/LE/LG/Lq/LK/LO/LL/LV/LM/La/LN/LI/LD/LQ/LR/LS/LT/LP/LU/LX/LY/LW/LZ/Lr/Lh/Lb/LF/Lc/Ld/Le/Lf/Lg/Li/Lj/Lk/Ll/Lm/Ln/Lo/Lp/mR/At/Pt/EF,462,1-462,462.0,no
Histone H3.1,,H3C1; H3C10; H3C11; H3C12; H3C2; H3C3; H3C4; H3C6; H3C7; H3C8,ENST00000356476.3,P68431,PF00125,AF-P68431-F1,Predicted,,,136,,,yes
Histone H3.1,,H3C1; H3C10; H3C11; H3C12; H3C2; H3C3; H3C4; H3C6; H3C7; H3C8,ENST00000356476.3,P68431,PF00125,5SVY,X-ray,1.05 Å,A/B,136,1-136,136.0,yes
Histone H3.1,,H3C1; H3C10; H3C11; H3C12; H3C2; H3C3; H3C4; H3C6; H3C7; H3C8,ENST00000356476.3,P68431,PF00125,2V89,X-ray,1.1 Å,A/B/D/E,136,1-136,136.0,yes
DNA-dependent protein kinase catalytic subunit,DNA-PK catalytic subunit,PRKDC,ENST00000314191.7,P78527,"PF20500, PF20502, PF08163, PF19704, PF02259, PF02260, PF00454",AF-P78527-F1,Predicted,,,4128,,,no
DNA-dependent protein kinase catalytic subunit,DNA-PK catalytic subunit,PRKDC,ENST00000314191.7,P78527,"PF20500, PF20502, PF08163, PF19704, PF02259, PF02260, PF00454",7Z87,EM,2.91 Å,A/B/C/D/E,4128,1-4128,4128.0,yes
DNA-dependent protein kinase catalytic subunit,DNA-PK catalytic subunit,PRKDC,ENST00000314191.7,P78527,"PF20500, PF20502, PF08163, PF19704, PF02259, PF02260, PF00454",7OTY,EM,2.96 Å,A,4128,1-4128,4128.0,yes
Histone H3.3,,H3-3A; H3-3B,ENST00000254810.8,P84243,PF00125,AF-P84243-F1,Predicted,,,136,,,yes
Histone H3.3,,H3-3A; H3-3B,ENST00000254810.8,P84243,PF00125,3QL9,X-ray,0.93 Å,A/C,136,1-136,136.0,yes
Histone H3.3,,H3-3A; H3-3B,ENST00000254810.8,P84243,PF00125,4GNE,X-ray,1.47 Å,A/B,136,1-136,136.0,yes
Heterogeneous nuclear ribonucleoprotein U,hnRNP U,HNRNPU,ENST00000444376.7,Q00839,"PF13671, PF02037, PF00622",AF-Q00839-F1,Predicted,,,825,,,yes
Heterogeneous nuclear ribonucleoprotein U,hnRNP U,HNRNPU,ENST00000444376.7,Q00839,"PF13671, PF02037, PF00622",rcsb,,,,825,,0.0,no
Peroxiredoxin-1,,PRDX1,ENST00000262746.5,Q06830,"PF10417, PF00578",AF-Q06830-F1,Predicted,,,199,,,yes
Peroxiredoxin-1,,PRDX1,ENST00000262746.5,Q06830,"PF10417, PF00578",8Z54,X-ray,1.45 Å,A/B,199,1-199,199.0,yes
Peroxiredoxin-1,,PRDX1,ENST00000262746.5,Q06830,"PF10417, PF00578",8X71,X-ray,1.58 Å,A/B,199,1-199,199.0,yes
Cytoskeleton-associated protein 4,,CKAP4,ENST00000378026.5,Q07065,,AF-Q07065-F1,Predicted,,,602,,,yes
Cytoskeleton-associated protein 4,,CKAP4,ENST00000378026.5,Q07065,,rcsb,,,,602,,0.0,no
Neuroblast differentiation-associated protein AHNAK,,AHNAK,ENST00000257247.11,Q09666,,AF-Q09666-F1,Predicted,,,5890,,,no
Neuroblast differentiation-associated protein AHNAK,,AHNAK,ENST00000257247.11,Q09666,,4HRG,X-ray,2.0001 Å,A/B/C/D,5890,1-5890,5890.0,yes
Neuroblast differentiation-associated protein AHNAK,,AHNAK,ENST00000257247.11,Q09666,,4FTG,X-ray,2.5054 Å,A/B/C/D/E,5890,1-5890,5890.0,yes
Delta(14)-sterol reductase LBR,Delta-14-SR,LBR,ENST00000272163.9,Q14739,"PF01222, PF09465",AF-Q14739-F1,Predicted,,,615,,,yes
Delta(14)-sterol reductase LBR,Delta-14-SR,LBR,ENST00000272163.9,Q14739,"PF01222, PF09465",2DIG,NMR,,A,615,1-615,615.0,yes
LIM and SH3 domain protein 1,LASP-1,LASP1,ENST00000318008.11,Q14847,"PF00412, PF00880, PF14604",AF-Q14847-F1,Predicted,,,261,,,yes
LIM and SH3 domain protein 1,LASP-1,LASP1,ENST00000318008.11,Q14847,"PF00412, PF00880, PF14604",3I35,X-ray,1.4 Å,A,261,1-261,261.0,yes
Plectin,PCN,PLEC,ENST00000322810.8,Q15149,"PF00307, PF00681, PF03501, PF17902, PF18373, PF21019, PF21020, PF21097",AF-Q15149-F1,Predicted,,,4684,,,no
Plectin,PCN,PLEC,ENST00000322810.8,Q15149,"PF00307, PF00681, PF03501, PF17902, PF18373, PF21019, PF21020, PF21097",4GDO,X-ray,1.7 Å,A/B/C/D/E/F,4684,1-4684,4684.0,yes
Plectin,PCN,PLEC,ENST00000322810.8,Q15149,"PF00307, PF00681, PF03501, PF17902, PF18373, PF21019, PF21020, PF21097",5J1G,X-ray,1.8 Å,A/B,4684,1-4684,4684.0,yes
Histone H2A type 2-C,,H2AC20,ENST00000331380.4,Q16777,"PF00125, PF16211",AF-Q16777-F1,Predicted,,,129,,,yes
Histone H2A type 2-C,,H2AC20,ENST00000331380.4,Q16777,"PF00125, PF16211",7U0G,EM,2.6 Å,A/E/B/F/C/G/D/H/I/J/K/L/M/N/O,129,1-129,129.0,yes
Histone H2A type 2-C,,H2AC20,ENST00000331380.4,Q16777,"PF00125, PF16211",7U0I,EM,2.6 Å,A/E/B/F/C/G/D/H/I/J/L/M/K/N,129,1-129,129.0,yes
Heterogeneous nuclear ribonucleoprotein A1-like 2,hnRNP A1-like 2,HNRNPA1L2,ENST00000357495.5,Q32P51,"PF11627, PF00076",AF-Q32P51-F1,Predicted,,,320,,,yes
Heterogeneous nuclear ribonucleoprotein A1-like 2,hnRNP A1-like 2,HNRNPA1L2,ENST00000357495.5,Q32P51,"PF11627, PF00076",rcsb,,,,320,,0.0,no
Histone H2B type 2-F,,H2bc18; H2BC18,ENST00000369167.3,Q5QNW6,PF00125,AF-Q5QNW6-F1,Predicted,,,126,,,yes
Histone H2B type 2-F,,H2bc18; H2BC18,ENST00000369167.3,Q5QNW6,PF00125,6MUP,EM,3.5 Å,A/E/B/F/C/G/D/H/I/J/K/L/M/N,126,1-126,126.0,yes
Histone H2B type 2-F,,H2bc18; H2BC18,ENST00000369167.3,Q5QNW6,PF00125,6MUO,EM,3.6 Å,A/E/B/F/C/G/D/H/I/J/K/L/M,126,1-126,126.0,yes
Heterochromatin protein 1-binding protein 3,,HP1BP3,ENST00000312239.10,Q5SSJ5,PF00538,AF-Q5SSJ5-F1,Predicted,,,553,,,yes
Heterochromatin protein 1-binding protein 3,,HP1BP3,ENST00000312239.10,Q5SSJ5,PF00538,2RQP,NMR,,A,553,1-553,553.0,yes
Histone H3.2,,H3C13; H3C14; H3C15,ENST00000331491.2,Q71DI3,PF00125,AF-Q71DI3-F1,Predicted,,,136,,,yes
Histone H3.2,,H3C13; H3C14; H3C15,ENST00000331491.2,Q71DI3,PF00125,2X4W,X-ray,1.5 Å,A/B,136,1-136,136.0,yes
Histone H3.2,,H3C13; H3C14; H3C15,ENST00000331491.2,Q71DI3,PF00125,4MZG,X-ray,1.698 Å,A/C/B/D,136,1-136,136.0,yes
Histone H2A type 3,,H2AC25,ENST00000366695.3,Q7L7L0,"PF00125, PF16211",AF-Q7L7L0-F1,Predicted,,,130,,,yes
Histone H2A type 3,,H2AC25,ENST00000366695.3,Q7L7L0,"PF00125, PF16211",9FH9,EM,2.5 Å,K/L/A/E/B/F/C/G/D/H/I/J,130,1-130,130.0,yes
Scavenger receptor cysteine-rich type 1 protein M130,,CD163,ENST00000359156.8,Q86VB7,PF00530,AF-Q86VB7-F1,Predicted,,,1156,,,yes
Scavenger receptor cysteine-rich type 1 protein M130,,CD163,ENST00000359156.8,Q86VB7,PF00530,8XMW,EM,2.94 Å,2/D/G/A/B,1156,1-1156,1156.0,no
Scavenger receptor cysteine-rich type 1 protein M130,,CD163,ENST00000359156.8,Q86VB7,PF00530,8XMK,EM,3.03 Å,D/E/F,1156,1-1156,1156.0,yes
Cell cycle and apoptosis regulator protein 2,,CCAR2,ENST00000308511.9,Q8N163,"PF19257, PF14443, PF19256, PF14444",AF-Q8N163-F1,Predicted,,,923,,,yes
Cell cycle and apoptosis regulator protein 2,,CCAR2,ENST00000308511.9,Q8N163,"PF19257, PF14443, PF19256, PF14444",8EZ6,X-ray,2.0 Å,A/B,923,1-923,923.0,yes
Histone H1.10,,H1-10,ENST00000333762.6,Q92522,PF00538,AF-Q92522-F1,Predicted,,,213,,,yes
Histone H1.10,,H1-10,ENST00000333762.6,Q92522,PF00538,6L9Z,X-ray,2.5 Å,A/E/K/O/B/F/L/P/C/G/M/Q/D/H/N/R/I/J/S,213,1-213,213.0,yes
Histone H1.10,,H1-10,ENST00000333762.6,Q92522,PF00538,8YTI,X-ray,2.7 Å,A/E/K/O/B/F/L/P/C/G/M/Q/D/H/N/R/I/S/J/T/U/V,213,1-213,213.0,yes
RNA-binding protein 14,,RBM14,ENST00000310137.5,Q96PK6,PF00076,AF-Q96PK6-F1,Predicted,,,669,,,yes
RNA-binding protein 14,,RBM14,ENST00000310137.5,Q96PK6,PF00076,2DNP,NMR,,A,669,1-669,669.0,yes
L-amino-acid oxidase,LAAO,IL4I1,ENST00000341114.7,Q96RQ9,PF01593,AF-Q96RQ9-F1,Predicted,,,567,,,yes
L-amino-acid oxidase,LAAO,IL4I1,ENST00000341114.7,Q96RQ9,PF01593,rcsb,,,,567,,0.0,no
Prohibitin-2,,PHB2,ENST00000440277.6,Q99623,PF01145,AF-Q99623-F1,Predicted,,,299,,,yes
Prohibitin-2,,PHB2,ENST00000440277.6,Q99623,PF01145,6IQE,X-ray,1.701 Å,A,299,1-299,299.0,yes
Prohibitin-2,,PHB2,ENST00000440277.6,Q99623,PF01145,8RRH,EM,16.3 Å,A/C/E/G/I/K/B/D/F/H/J,299,1-299,299.0,yes
Tubulin alpha-1C chain,,TUBA1C,ENST00000301072.11,Q9BQE3,"PF00091, PF03953",AF-Q9BQE3-F1,Predicted,,,449,,,yes
Tubulin alpha-1C chain,,TUBA1C,ENST00000301072.11,Q9BQE3,"PF00091, PF03953",rcsb,,,,449,,0.0,no
Myb-binding protein 1A,,MYBBP1A,ENST00000254718.9,Q9BQG0,PF04931,AF-Q9BQG0-F1,Predicted,,,1328,,,yes
Myb-binding protein 1A,,MYBBP1A,ENST00000254718.9,Q9BQG0,PF04931,rcsb,,,,1328,,0.0,no
MICOS complex subunit MIC19,,CHCHD3,ENST00000262570.10,Q9NX63,PF05300,AF-Q9NX63-F1,Predicted,,,227,,,yes
MICOS complex subunit MIC19,,CHCHD3,ENST00000262570.10,Q9NX63,PF05300,rcsb,,,,227,,0.0,no
RuvB-like 2,,RUVBL2,ENST00000595090.6,Q9Y230,"PF06068, PF17856",AF-Q9Y230-F1,Predicted,,,463,,,yes
RuvB-like 2,,RUVBL2,ENST00000595090.6,Q9Y230,"PF06068, PF17856",8QR1,EM,2.4 Å,A/C/F/S/B/G/K/E/I/L/D/H/J,463,1-463,463.0,no
RuvB-like 2,,RUVBL2,ENST00000595090.6,Q9Y230,"PF06068, PF17856",9EMA,EM,2.4 Å,A/B/C/D/E/F,463,1-463,463.0,no
RuvB-like 1,,RUVBL1,ENST00000322623.10,Q9Y265,"PF06068, PF17856",AF-Q9Y265-F1,Predicted,,,456,,,yes
RuvB-like 1,,RUVBL1,ENST00000322623.10,Q9Y265,"PF06068, PF17856",2C9O,X-ray,2.2 Å,A/B/C,456,1-456,456.0,yes
RuvB-like 1,,RUVBL1,ENST00000322623.10,Q9Y265,"PF06068, PF17856",8QR1,EM,2.4 Å,A/C/F/S/B/G/K/E/I/L/D/H/J,456,1-456,456.0,no
Deoxynucleoside triphosphate triphosphohydrolase SAMHD1,dNTPase,SAMHD1,ENST00000262878.5,Q9Y3Z3,"PF01966, PF07647",AF-Q9Y3Z3-F1,Predicted,,,626,,,yes
Deoxynucleoside triphosphate triphosphohydrolase SAMHD1,dNTPase,SAMHD1,ENST00000262878.5,Q9Y3Z3,"PF01966, PF07647",6DWD,X-ray,1.7 Å,A/B/C/D,626,1-626,626.0,yes
Deoxynucleoside triphosphate triphosphohydrolase SAMHD1,dNTPase,SAMHD1,ENST00000262878.5,Q9Y3Z3,"PF01966, PF07647",4MZ7,X-ray,1.8 Å,A/B,626,1-626,626.0,yes
Talin-1,,TLN1,ENST00000314888.10,Q9Y490,"PF16511, PF00373, PF01608, PF02174, PF21896, PF09141, PF21692, PF21865, PF08913",AF-Q9Y490-F1,Predicted,,,2541,,,yes
Talin-1,,TLN1,ENST00000314888.10,Q9Y490,"PF16511, PF00373, PF01608, PF02174, PF21896, PF09141, PF21692, PF21865, PF08913",4DJ9,X-ray,2.25 Å,A/B,2541,1-2541,2541.0,yes
Talin-1,,TLN1,ENST00000314888.10,Q9Y490,"PF16511, PF00373, PF01608, PF02174, PF21896, PF09141, PF21692, PF21865, PF08913",1SYQ,X-ray,2.42 Å,A/B,2541,1-2541,2541.0,yes
"Sulfide:quinone oxidoreductase, mitochondrial",SQOR,SQOR,ENST00000260324.12,Q9Y6N5,PF07992,AF-Q9Y6N5-F1,Predicted,,,450,,,yes
"Sulfide:quinone oxidoreductase, mitochondrial",SQOR,SQOR,ENST00000260324.12,Q9Y6N5,PF07992,6OIB,X-ray,2.03 Å,A/B,450,1-450,450.0,yes
"Sulfide:quinone oxidoreductase, mitochondrial",SQOR,SQOR,ENST00000260324.12,Q9Y6N5,PF07992,6OIC,X-ray,2.21 Å,A/B,450,1-450,450.0,yes
