protein_name,short_name,gene_symbol,gene_ID,accession,pfam_ID,identifier,method,resolution,chain,sequence_length,positions
Heme oxygenase 1,HO-1,HMOX1,ENST00000216117.9,P09601,PF01126,1N3U,X-ray,2.58 Å,A/B,288,1-233
Heme oxygenase 1,HO-1,HMOX1,ENST00000216117.9,P09601,PF01126,1N45,X-ray,1.5 Å,A/B,288,1-233
Heme oxygenase 1,HO-1,HMOX1,ENST00000216117.9,P09601,PF01126,1NI6,X-ray,2.1 Å,A/B/C/D,288,1-224
Heme oxygenase 1,HO-1,HMOX1,ENST00000216117.9,P09601,PF01126,1OYK,X-ray,2.59 Å,A/B,288,1-233
Heme oxygenase 1,HO-1,HMOX1,ENST00000216117.9,P09601,PF01126,1OYL,X-ray,1.59 Å,A/B,288,1-233
Heme oxygenase 1,HO-1,HMOX1,ENST00000216117.9,P09601,PF01126,1OZE,X-ray,2.19 Å,A/B,288,1-233
Heme oxygenase 1,HO-1,HMOX1,ENST00000216117.9,P09601,PF01126,1OZL,X-ray,1.58 Å,A/B,288,1-233
Heme oxygenase 1,HO-1,HMOX1,ENST00000216117.9,P09601,PF01126,1OZR,X-ray,1.74 Å,A/B,288,1-233
Heme oxygenase 1,HO-1,HMOX1,ENST00000216117.9,P09601,PF01126,1OZW,X-ray,1.55 Å,A/B,288,1-233
Heme oxygenase 1,HO-1,HMOX1,ENST00000216117.9,P09601,PF01126,1S13,X-ray,2.29 Å,A/B,288,1-233
Heme oxygenase 1,HO-1,HMOX1,ENST00000216117.9,P09601,PF01126,1S8C,X-ray,2.19 Å,A/B/C/D,288,1-233
Heme oxygenase 1,HO-1,HMOX1,ENST00000216117.9,P09601,PF01126,1T5P,X-ray,2.11 Å,A/B,288,1-233
Heme oxygenase 1,HO-1,HMOX1,ENST00000216117.9,P09601,PF01126,1TWN,X-ray,2.2 Å,A/B,288,1-233
Heme oxygenase 1,HO-1,HMOX1,ENST00000216117.9,P09601,PF01126,1TWR,X-ray,2.1 Å,A/B,288,1-233
Heme oxygenase 1,HO-1,HMOX1,ENST00000216117.9,P09601,PF01126,1XJZ,X-ray,1.88 Å,A/B,288,1-233
Heme oxygenase 1,HO-1,HMOX1,ENST00000216117.9,P09601,PF01126,1XK0,X-ray,2.18 Å,A/B,288,1-233
Heme oxygenase 1,HO-1,HMOX1,ENST00000216117.9,P09601,PF01126,1XK1,X-ray,2.08 Å,A/B,288,1-233
Heme oxygenase 1,HO-1,HMOX1,ENST00000216117.9,P09601,PF01126,1XK2,X-ray,2.2 Å,A/B,288,1-233
Heme oxygenase 1,HO-1,HMOX1,ENST00000216117.9,P09601,PF01126,1XK3,X-ray,2.08 Å,A/B,288,1-233
Heme oxygenase 1,HO-1,HMOX1,ENST00000216117.9,P09601,PF01126,3CZY,X-ray,1.54 Å,A/B,288,1-233
Heme oxygenase 1,HO-1,HMOX1,ENST00000216117.9,P09601,PF01126,3HOK,X-ray,2.19 Å,A/B,288,1-233
Heme oxygenase 1,HO-1,HMOX1,ENST00000216117.9,P09601,PF01126,3K4F,X-ray,2.17 Å,A/B,288,1-233
Heme oxygenase 1,HO-1,HMOX1,ENST00000216117.9,P09601,PF01126,3TGM,X-ray,2.85 Å,A/B,288,1-233
Heme oxygenase 1,HO-1,HMOX1,ENST00000216117.9,P09601,PF01126,4WD4,X-ray,2.95 Å,A/B/C/D,288,1-292
Heme oxygenase 1,HO-1,HMOX1,ENST00000216117.9,P09601,PF01126,5BTQ,X-ray,2.08 Å,A/B,288,1-237
Heme oxygenase 1,HO-1,HMOX1,ENST00000216117.9,P09601,PF01126,6EHA,X-ray,2.0 Å,A/B,288,1-288
Heme oxygenase 1,HO-1,HMOX1,ENST00000216117.9,P09601,PF01126,AF-P09601-F1,Predicted,,,288,
Heme oxygenase,N/A,HMOX1,ENST00000679074.1,A0A7I2V3I1,PF01126,AF-A0A7I2V3I1-F1,Predicted,,,249,
